{"cameraMode":{"drawMode":0,"name":"Shaded","section":"Shading Mode"},"sceneLighting":true,"audioPlay":false,"sceneViewState":{"m_AlwaysRefresh":false,"showFog":true,"showSkybox":true,"showFlares":true,"showImageEffects":true,"showParticleSystems":true,"showVisualEffectGraphs":true,"m_FxEnabled":true},"in2DMode":false,"pivot":{"x":-2.000681161880493,"y":2.9919748306274416,"z":-3.7135443687438967},"rotation":{"x":0.127463698387146,"y":-0.0023548000026494266,"z":0.0003083117480855435,"w":0.9918517470359802},"size":6.216328144073486,"orthographic":false}