{"cameraMode":{"drawMode":0,"name":"Shaded","section":"Shading Mode"},"sceneLighting":true,"audioPlay":false,"sceneViewState":{"m_AlwaysRefresh":false,"showFog":true,"showSkybox":true,"showFlares":true,"showImageEffects":true,"showParticleSystems":true,"showVisualEffectGraphs":true,"m_FxEnabled":true},"in2DMode":false,"pivot":{"x":-0.41104093194007876,"y":3.881481647491455,"z":-3.2400529384613039},"rotation":{"x":0.05240271985530853,"y":0.12016575783491135,"z":-0.006349565461277962,"w":0.9913570880889893},"size":6.359137058258057,"orthographic":false}